Rich,Neutral,Poor,Loser
0.1,0.2,0.3,0.4
0,0.99,0,0.01
0.2,0,0.8,0
0,0.8,0,0.2
0.060606060606061,0.542424242424243,0.333333333333333,0.063636363636364
