BigC,VinMart,Intimex
0.266666666666667,0.4,0.333333333333333
0.8,0.1,0.1
0.07,0.9,0.03
0.083,0.067,0.85
